{
  "data": [],
  "students": [
    {
      "id": "7bba",
      "firstName": "asd",
      "lastName": "das",
      "email": "dasd@gmail.com",
      "password": "aaaa",
      "registrationDate": "2024-04-20T17:16:38.460Z",
      "token": 50,
      "confirmPassword": "aaaa"
    },
    {
      "id": "e3d4",
      "firstName": "Адам",
      "lastName": "Байсаров",
      "email": "baysarovv.work@gmail.com",
      "password": "aaa1",
      "registrationDate": "2024-04-20T17:17:07.459Z",
      "token": 9674,
      "confirmPassword": "aaa1"
    },
    {
      "id": "65bb",
      "password": "aaa1"
    },
    {
      "id": "a5a3",
      "password": "aaa1"
    }
  ],
  "universities": [
    {
      "shortName": "ЧГУ",
      "name": "Чеченский государственный университет",
      "description": "Один из крупнейших вузов Северного Кавказа, ведущий региональный вуз, являющийся основным поставщиком специалистов для большинства сфер жизнедеятельности Чеченской Республики, а также осуществляющий подготовку профессиональных кадров для экономики и социальной сферы других регионов.",
      "id": "1",
      "location": [],
      "date": "12.07.2002",
      "dirCount": 50,
      "budget": 1200,
      "minBal": 159,
      "leftStudents": "70,239",
      "image": "https://grozny.tv/storage/images/996107bb52ca4a7d.jpeg",
      "frame": [
        {
          "id": 1,
          "name": "Институт физики и математики",
          "address": "г. Грозный, бульвар Дудаева 3",
          "image": "https://avatars.mds.yandex.net/get-altay/5255911/2a0000018206501001576ba02ddd0d3220eb/orig",
          "carouselElements": [
            "https://grozny.tv/storage/images/996107bb52ca4a7d.jpeg",
            "https://avatars.mds.yandex.net/get-altay/5255911/2a0000018206501001576ba02ddd0d3220eb/orig",
            "https://сопк.рф/wp-content/uploads/2019/11/Kolledzh-CHGU-groznyj.jpg"
          ]
        },
        {
          "id": 2,
          "name": "Медицинский университет",
          "address": "г. Грозный, улица Кадырова 102",
          "image": "https://сопк.рф/wp-content/uploads/2019/11/Kolledzh-CHGU-groznyj.jpg",
          "carouselElements": []
        }
      ]
    },
    {
      "shortName": "ГГНТУ",
      "name": "Грозненский государственный нефтяной технический университет",
      "id": "2",
      "location": [],
      "image": "https://www.checheninfo.ru/uploads/posts/2022-02/chechnja-v-ggntu-obsudili-perspektivy-razvitija-v-respublike-vetrovoj-jenergetiki-1.jpg",
      "frame": [
        {
          "id": 1,
          "name": "Институт физики и математики",
          "address": "г. Грозный, бульвар Дудаева 3",
          "image": "https://avatars.mds.yandex.net/get-altay/5255911/2a0000018206501001576ba02ddd0d3220eb/orig",
          "carouselElements": []
        },
        {
          "id": 2,
          "name": "Медицинский университет",
          "address": "г. Грозный, улица Кадырова 102",
          "image": "https://сопк.рф/wp-content/uploads/2019/11/Kolledzh-CHGU-groznyj.jpg",
          "carouselElements": []
        }
      ]
    },
    {
      "shortName": "ЧГПУ",
      "name": "Чеченский государственный педагогический университет",
      "id": "3",
      "location": [],
      "image": "https://encrypted-tbn0.gstatic.com/images?q=tbn:ANd9GcTCEV_8ncbbExdRmZoE_HU3jFiYpmwhAi4Mf9GE-uyzkynSOCnDMW3PDApF_GIutTXON5w&usqp=CAU",
      "frame": [
        {
          "id": 1,
          "name": "Институт физики и математики",
          "address": "г. Грозный, бульвар Дудаева 3",
          "image": "https://avatars.mds.yandex.net/get-altay/5255911/2a0000018206501001576ba02ddd0d3220eb/orig",
          "carouselElements": []
        },
        {
          "id": 2,
          "name": "Медицинский университет",
          "address": "г. Грозный, улица Кадырова 102",
          "image": "https://сопк.рф/wp-content/uploads/2019/11/Kolledzh-CHGU-groznyj.jpg",
          "carouselElements": []
        }
      ]
    }
  ]
}
